Job Title,Company,Experience,Key Skills,Location,Description
django Developer,Nexus jobs,0 to 3 Yrs," HTML , CSS , JavaScript , Python , Django , Angular , Nodejs , React",Jaipur,"Company Overview

Nexus Jobs is a leading talent staffing services provider with extensive experience in pan-India hiring. Our focus is on providing end-to-end manpower solutions that meet our clients"" specific requirements. We offer a wide range of corporate manpower services, including immediate placement services, part-time/full-time jobs, freelance project work, and career opportunities for both freshers and experienced candidates.

Job Overview

We are seeking a Full-Stack Developer to join our team at Nexus Jobs. As a Full-Stack Developer, you will be responsible for designing, developing, and maintaining both the front-end and back-end components of our web applications. This is a full-time role based in Jaipur, Rajasthan, India, and is suitable for candidates with less than 1 year of experience.

Qualifications And Skills
 Strong knowledge of Node.js, HTML, CSS, and JavaScript
 Proficiency in Python and Django framework
 Excellent communication and collaboration skills
 Problem-solving abilities and attention to detail
 Ability to work in a fast-paced and dynamic environment
 Familiarity with version control systems
 Experience with front-end frameworks such as React or Angular is a plus

Roles And Responsibilities
 Designing, coding, and modifying websites and web applications from layout to function
 Creating visually appealing and user-friendly front-end components using HTML, CSS, and JavaScript
 Developing and maintaining server-side applications using Node.js and Django
 Collaborating with design and product teams to implement and improve features
 Conducting code reviews and ensuring code quality and optimization
 Troubleshooting and resolving issues reported by users
 Staying updated on emerging technologies and industry trends,"
Junior Django Developer,Startup Labs Infotech Pvt. Ltd.,1 to 5 Yrs," Python , Django , Django ReST Framework",Jaipur,"We're Hiring!

Django Developer Opportunity!

We're on the lookout for a talented Django Developer with 1-2 years of experience. If you're well-versed in Python, Django, and Django ReST Framework, we'd love to hear from you! Join our dynamic team and work on exciting projects that make an impact.

 Location: On-site (Jaipur)

 Experience: 1-2 years

 Skills: Python, Django, Django ReST Framework

Joining: Immediate

Apply today and be a part of something great!

Apply to: hidden_email with your resume, time required to join, current CTC and expected CTC

hashtag

#DjangoDeveloper hashtag

#Python hashtag

#Hiring hashtag

#TechJobs hashtag

#DjangoRestFramework hashtag

#WebDevelopment hashtag

#CareerOpportunity hashtag

#SoftwareDevelopment hashtag

#BackendDeveloper hashtag

#DeveloperJobs hashtag

#PythonJobs hashtag

#TechCareer hashtag

#JoinOurTeam hashtag

#ReSTAPI hashtag

#APIDevelopment,"
Full Stack Engineer,Humanli.Ai,0 to 4 Yrs," JavaScript , Python , HTML , CSS , Angular , Django , Flask , MySQL , MongoDB , Apache , Nginx , Machine Learning , React , Nodejs , AI",Jaipur,"Full Stack Developer - Entry Level

Humanli.AI

About Humanli.AI:

Humanli.AI is a pioneering generative AI company experiencing rapid growth and pushing the boundaries of technology to solve tomorrows challenges today. Our cutting-edge solutions impact various industries, making processes smarter and more efficient. As we continue to scale, we are seeking ambitious BTech Computer Science graduates passionate about technology and eager to grow with us.

Job Description:

As a Junior Full Stack Developer at Humanli.AI, you will play a crucial role in building and maintaining our innovative AI-powered applications. This role offers a blend of front-end and back-end development opportunities, allowing you to gain comprehensive experience in full-stack technology stacks. You will collaborate closely with a team of experts to create scalable, efficient, and robust solutions.

Responsibilities:

- Participate in the entire application lifecycle, focusing on coding, debugging, and. testing.

- Collaborate with the team to ideate and develop new features for our AI products.

- Work on both client and server-side code, ensuring high performance and responsiveness.

- Contribute to the design and development of APIs.

- Stay up-to-date with emerging technological trends and apply them to operations and activities.

- Help in maintaining code quality, organization, and automatization.

Qualifications:

- Recent BTech graduate in Computer Science or related field. Final-year Students may apply.

- Strong grasp of fundamental programming languages such as JavaScript and Python.

- Familiarity with front-end technologies (e.g., HTML, CSS, JavaScript, Angular, React) and back-end frameworks (e.g., Node.js, Django, Flask).

- Understanding of database technologies (e.g., MySQL, MongoDB) and web servers (e.g., Apache, Nginx).

- Knowledge of machine learning/AI concepts is a plus.

- Excellent problem-solving skills and willingness to learn new technologies.

- Strong communication and teamwork abilities.

What We Offer:

- Competitive entry-level salary and benefits.

- The opportunity to work on groundbreaking projects in a high-growth industry.

- A dynamic, innovative work environment with a flat hierarchy.

- Comprehensive training and mentorship for professional and personal growth.

- Flexible working hours and the possibility of remote work.

How to Apply:

Ready to embark on a rewarding career journey at the cutting edge of AI technology  Submit your application, including your resume and a brief cover letter explaining why youre a great fit for the role, to hidden_email

Humanli.AI is an equal-opportunity employer. We celebrate diversity and are committed to creating an inclusive environment for all employees. We encourage everyone meeting the job criteria to apply.

Become part of our mission to redefine the future with AI. We look forward to your application,"
PHP Developer,Dataoxy Technologies,1 to 5 Yrs," PHP , OOPS , MySQL , Apache , HTML , JavaScript , Ajax , CMS , Magento , AngularJS , CI , LARAVEL , Django , Web services , Version Control , GIT , Cloud Computing , AWS , ReactJS , Ionic , SQL Optimization , RESTful API , Digital Ocean",Jaipur,"Job Description:
 Ability to write valid, clean, efficient and well structured & documented code.
 Produce detailed specifications.
 Troubleshoot, test and maintain the core product software and databases to ensure strong optimization and functionality.
 Contribute in all phases of the development lifecycle.
Develop and deploy new features to facilitate related procedures and tools if necessary.
 Desired Skills & Experience:
 Minimum of 1 year of experience in PHP.
 Experience with the OOPS, MySQL, Apache, HTML, JavaScript and Ajax.
 Knowledge on CMS like Magento and at least one frameworks like AngularJS/ ReactJS/ CI/ LARAVEL/ Ionic/ Django.
 Very good understanding of database technologies and SQL Optimization.
 Proficient in writing Web services and RESTful API.
 Familiarity with Web technologies trends and the evolution of Internet.
 Good knowledge of Version Control tools like GIT.
 Passion for best design and coding practices and a desire to develop new bold. ideas.
 Good written and verbal communication skills.
 Experience in cloud computing (AWS/Digital Ocean) is an added advantage,"
Full Stack Software Developer,softtech management solutions,1 to 5 Yrs," HTML5 , CSS3 , JavaScript , Angular , Python , Ruby , Java , NET , MySQL , MongoDB , PostgreSQL , Git , AWS , Azure , Docker , Kubernetes , React , Vuejs , Nodejs , Google Cloud",Jaipur,"We are seeking a skilled and experienced Full Stack Software Developer to join our team. In this role, you will be responsible for designing, developing, and maintaining software applications from start to finish. The ideal candidate will have a strong foundation in both front-end and back-end development, as well as a passion for creating innovative and user-friendly software solutions.

Responsibilities:
 Develop and maintain software applications using modern front-end and back-end technologies.
 Collaborate with designers, developers, and stakeholders to translate business requirements into technical specifications and user stories.
 Design and implement responsive and visually appealing user interfaces using HTML, CSS, and JavaScript frameworks such as React, Angular, or Vue.js.
 Write clean, efficient, and well-documented code in languages such as JavaScript (Node.js), Python, Ruby, Java, or .NET for back-end development.
 Implement and maintain databases, APIs, and. server-side logic to support software applications.
 Ensure the scalability, security, and performance of software applications through proper architecture design and optimization techniques.
 Conduct thorough testing and debugging of software applications to identify and resolve issues and ensure quality assurance.
 Stay updated on emerging technologies, industry trends, and best practices in software development and apply them to enhance project outcomes.
 Collaborate with cross-functional teams to brainstorm ideas, solve problems, and drive innovation in software development projects.

Requirements:
 Bachelors degree in Computer Science, Engineering, or a related field.
 Proven experience as a Full Stack Software Developer or similar role, with a portfolio of completed projects.
 Strong proficiency in front-end technologies such as HTML5, CSS3, JavaScript, and modern JavaScript frameworks/libraries (e.g., React, Angular, Vue.js).
 Solid understanding of back-end development technologies and frameworks (e.g., Node.js, Express.js, Django, Flask, Ruby on Rails, Spring Boot, .NET).
 Experience with database management systems such as MySQL, MongoDB, PostgreSQL, or similar.
 Familiarity with version control systems (e.g., Git) and CI/CD pipelines.
 Knowledge of cloud computing platforms (e.g., AWS, Azure, Google Cloud) and containerization technologies (e.g., Docker, Kubernetes) is a plus.
 Excellent problem-solving skills, attention to detail, and ability to work independently or as part of a team.
 Strong communication and interpersonal skills, with the ability to collaborate effectively with cross-functional teams and stakeholders.

Benefits:
 Competitive salary and benefits package.
 Opportunities for professional development and career growth.
 Collaborative and innovative work environment.
 Flexible work arrangements and work-life balance.
 Access to cutting-edge technologies and tools to support your work.

Job Type: Full-time


Education:
 Bachelor's (Required)

Experience:
 Front-end development: 1 year (Required)
 total work: 3 years (Required)
 Java: 1 year (Required)
 Back-end development: 1 year (Required)

Work Location: In person,"
django Developer,Nexus jobs,0 to 3 Yrs," HTML , CSS , JavaScript , Python , Django , Angular , Nodejs , React",Jaipur,"Company Overview

Nexus Jobs is a leading talent staffing services provider with extensive experience in pan-India hiring. Our focus is on providing end-to-end manpower solutions that meet our clients"" specific requirements. We offer a wide range of corporate manpower services, including immediate placement services, part-time/full-time jobs, freelance project work, and career opportunities for both freshers and experienced candidates.

Job Overview

We are seeking a Full-Stack Developer to join our team at Nexus Jobs. As a Full-Stack Developer, you will be responsible for designing, developing, and maintaining both the front-end and back-end components of our web applications. This is a full-time role based in Jaipur, Rajasthan, India, and is suitable for candidates with less than 1 year of experience.

Qualifications And Skills
 Strong knowledge of Node.js, HTML, CSS, and JavaScript
 Proficiency in Python and Django framework
 Excellent communication and collaboration skills
 Problem-solving abilities and attention to detail
 Ability to work in a fast-paced and dynamic environment
 Familiarity with version control systems
 Experience with front-end frameworks such as React or Angular is a plus

Roles And Responsibilities
 Designing, coding, and modifying websites and web applications from layout to function
 Creating visually appealing and user-friendly front-end components using HTML, CSS, and JavaScript
 Developing and maintaining server-side applications using Node.js and Django
 Collaborating with design and product teams to implement and improve features
 Conducting code reviews and ensuring code quality and optimization
 Troubleshooting and resolving issues reported by users
 Staying updated on emerging technologies and industry trends,"
Django Developer,FargoWiz India,3 to 7 Yrs," Django framework , Python programming",Jaipur,"Company Description

FargoWiz India is a software development company based in Jaipur. We specialize in custom software development using cutting-edge technology and platforms. Our team is skilled in modern technology stacks to deliver top-notch solutions for businesses.

Role Description

This is a full-time on-site role for a Django Developer at FargoWiz India in Jaipur. The Django Developer will be responsible for designing and implementing realworld use cases utilizing Django Framework and Python. This will include backend APIs and frontend UI development.

Qualifications
 3-5 years Experience with Django framework and Python programming
 Real world project experience with Django framework
 Implementing backend APIs, frontend UI utiizing Django framework
 Strong problem-solving and analytical skills
 Bachelor's degree in Computer Science or related field

Note: Candidate must include specific project tasks and experience in Django and Python in the CV.

Only candidates with current working location in Jaipur will be considered.,"
Junior Django Developer,Startup Labs Infotech Pvt. Ltd.,1 to 5 Yrs," Python , Django , Django ReST Framework",Jaipur,"We're Hiring!

Django Developer Opportunity!

We're on the lookout for a talented Django Developer with 1-2 years of experience. If you're well-versed in Python, Django, and Django ReST Framework, we'd love to hear from you! Join our dynamic team and work on exciting projects that make an impact.

 Location: On-site (Jaipur)

 Experience: 1-2 years

 Skills: Python, Django, Django ReST Framework

Joining: Immediate

Apply today and be a part of something great!

Apply to: hidden_email with your resume, time required to join, current CTC and expected CTC

hashtag

#DjangoDeveloper hashtag

#Python hashtag

#Hiring hashtag

#TechJobs hashtag

#DjangoRestFramework hashtag

#WebDevelopment hashtag

#CareerOpportunity hashtag

#SoftwareDevelopment hashtag

#BackendDeveloper hashtag

#DeveloperJobs hashtag

#PythonJobs hashtag

#TechCareer hashtag

#JoinOurTeam hashtag

#ReSTAPI hashtag

#APIDevelopment,"
Django Developer,Chikitsa.io,2 to 6 Yrs," Python , Django , PostgreSQL , MySQL , SQLite , HTML , CSS , JavaScript , Angular , Git , Nginx , AWS , Heroku , Docker , RESTful APIs , Testing , Celery , Redis , Memcached , React , Vuejs , Gunicorn , DigitalOcean , GraphQL , Security Practices , pytest",Jaipur,"Company Description

Chikitsa.io is a Web 3.0 secure, cloud-based smart HIMS solution based in Jaipur. Our platform offers innovative E-Prescription modules, real-time insights into hospital operations, a patient-centric mobile application, and ABHA Compliant HMIS for seamless insurance claim settlement. We focus on digitalizing end-to-end hospital operations while maintaining familiarity for healthcare providers and ensuring coordinated patient care.

Role Description

This is a full-time on-site role for a Django Developer at Chikitsa.io in Jaipur. The Django Developer will be responsible for back-end web development, software development, front-end development, programming, and working with databases. The role involves collaborating with cross-functional teams to enhance the platform's functionalities and user experience.

Qualifications
 Back-End Web Development and Software Development skills
 Front-End Development and Programming skills
 Experience with databases
 Strong problem-solving and analytical abilities
 Ability to work collaboratively in a team environment
 Excellent communication and interpersonal skills
 Bachelor's degree in Computer Science or related field

Technical Skills:

Proficiency in Python:
 Django is a Python framework, so a deep understanding of Python is essential, including object-oriented programming (OOP), data structures, and algorithms.

Django Framework:
 Understanding of Django's core features like Models, Views, Templates (MVT architecture), ORM, middleware, and forms.
 Familiarity with Django Rest Framework (DRF) for building APIs.
 Experience with Djangos authentication and authorization systems.

Database Management:
 Working knowledge of relational databases like PostgreSQL, MySQL, and SQLite.
 Experience in writing complex SQL queries and using Django ORM to interact with databases.

Frontend Development:
 Basic knowledge of HTML, CSS, and JavaScript to integrate with Django templates.
 Familiarity with frontend frameworks like React, Vue.js, or Angular (optional but useful for building more dynamic web apps).

Version Control (Git):
 Understanding Git for source code management, collaborating with teams, and versioning applications.

Deployment & DevOps:
 Experience with web servers (e.g., Nginx, Gunicorn) and deploying Django applications to cloud platforms like AWS, DigitalOcean, or Heroku.
 Knowledge of Docker and containerization is a plus.

APIs & Web Services:
 Experience in building and consuming RESTful APIs.
 Understanding of GraphQL (optional).

Security Practices:
 Familiarity with security measures in Django (e.g., preventing XSS, CSRF, and SQL injection).
 Understanding Djangos security features like user authentication, SSL/TLS, and session management.

Testing:
 Knowledge of testing frameworks in Django such as pytest or Djangos own testing tools to ensure code reliability.

Asynchronous Processing:
 Familiarity with asynchronous task queues like Celery for handling background tasks.

Caching:
 Experience with caching mechanisms (Redis, Memcached) to improve performance.,"
Python Developer (Jaipur onsite) (4+Years),Marktine Technology Solutions Pvt Ltd,4 to 8 Yrs," Django , Flask , MySQL , PostgreSQL , HTML , CSS , JavaScript , Git , Python programming",Jaipur,"Company Description

We're Marktine Technology, a leading company shaping the future with AI-driven solutions. We empower businesses with cutting-edge technologies like AI-Powered Applications, Advanced Video Analytics, and Natural Language Processing. Our team values innovation, transparency, and integrity, and we offer a dynamic work environment for growth and development.

Role Description

This is a full-time on-site Python Developer role located in Jaipur. As a Python Developer at Marktine Technology, you will be responsible for developing and maintaining high-quality software solutions. You will collaborate with cross-functional teams to design and implement scalable applications, contributing to the company's success in delivering AI-driven solutions.

Qualifications
 Proficient in Python programming and Django or Flask frameworks
 Experience with database management systems such as MySQL or PostgreSQL
 Strong understanding of front-end technologies like HTML, CSS, and JavaScript
 Knowledge of version control systems like Git
 Excellent problem-solving skills and the ability to work in a collaborative team environment
 Bachelor's degree in Computer Science or related field,"
Machine Learning Engineer,VertexPlus,3 to 7 Yrs," Automation , Web development , Django , Flask , Design patterns , Git , RDBMS , SQL , Unix , Linux , Python programming , AIML projects , Objectoriented concepts , Azure cloud",Jaipur,"Currently we are looking for Python & AI/ML Developer.

Role: Python & AI/ML Developer

Location: Jaipur

Experience: 3+ Years

Roles& Responsibilities:
 Proven-deep-expertise with Python programming for Automation & Web development.
 Experience in working with frameworks like Django, Flask.
 Experience in AI/ ML projects, particularly in optimizing and selection of models that align with the business requirement.
 Object-oriented concepts & design patterns.
 Excellent analytical and problem-solving skills.
 Experience with Git or other version control
 Experience with any RDBMS and strong SQL knowledge
 Working experience with Unix / Linux
 Working experience with Azure cloud
 Communicate directly with onsite and customer.

About VertexPlus:

VertexPlus Technologies Private Limited is a Global Technology Company delivering excellence across different industry verticals. With more than a decade's experience in providing innovative technology solution and service models for business impact  We ensure excellence in Consulting, IT Solutions and Digital Media Services to clients across the globe through carefully crafted strategy and execution approach combining process proficiency, technical expertise and domain knowledge. With a large pool of highly talented professionals, we always value continuous research and innovation to deliver quality solutions and services to fulfill dynamic requirements of clients worldwide. VertexPlus always strives to adapt futuristic approaches and technologies to help transform organizations into agile enterprise. Please visit our website at www.vertexplus.com,"
Senior Python Developer - Flask/Django,HabileLabs Private Limited,5 to 9 Yrs," Python , Django , Flask , RESTful APIs , AWS , Azure , SQL , NoSQL , Git , Microservices architecture",Jaipur,"Job Description

We are seeking an experienced Senior Python Developer to join our dynamic team. The ideal candidate will have a strong background in Python development, with expertise in building scalable, high-performance applications. You will be responsible for designing, developing, and maintaining software solutions, as well as mentoring junior developers and contributing to code :
 Design, develop, and maintain robust Python applications and systems.
 Collaborate with cross-functional teams to define and implement new features.
 Write clean, efficient, and maintainable code following best practices and coding standards.
 Perform code reviews and provide constructive feedback to ensure high-quality deliverables.
 Troubleshoot and resolve complex technical issues and bugs.
 Optimize application performance and scalability.
 Mentor and guide junior developers, fostering a collaborative and productive team environment.
 Stay updated with industry trends and emerging technologies to continuously improve development :
 Bachelor's degree in Computer Science, Engineering, or a related field.
 5+ years of professional experience in Python development.
 Strong proficiency in Python and its frameworks (e.g., Django, Flask).
 Experience with RESTful APIs, microservices architecture, and cloud services (e.g., AWS, Azure).
 Solid understanding of databases (SQL and NoSQL) and data modeling.
 Proficiency in version control systems (e.g., Git).
 Excellent problem-solving skills and the ability to work independently and as part of a team.
 Strong communication skills and the ability to mentor junior developers.

(ref:hirist.tech),"
Full Stack Engineer,Humanli.Ai,0 to 4 Yrs," JavaScript , Python , HTML , CSS , Angular , Django , Flask , MySQL , MongoDB , Apache , Nginx , Machine Learning , React , Nodejs , AI",Jaipur,"Full Stack Developer - Entry Level

Humanli.AI

About Humanli.AI:

Humanli.AI is a pioneering generative AI company experiencing rapid growth and pushing the boundaries of technology to solve tomorrows challenges today. Our cutting-edge solutions impact various industries, making processes smarter and more efficient. As we continue to scale, we are seeking ambitious BTech Computer Science graduates passionate about technology and eager to grow with us.

Job Description:

As a Junior Full Stack Developer at Humanli.AI, you will play a crucial role in building and maintaining our innovative AI-powered applications. This role offers a blend of front-end and back-end development opportunities, allowing you to gain comprehensive experience in full-stack technology stacks. You will collaborate closely with a team of experts to create scalable, efficient, and robust solutions.

Responsibilities:

- Participate in the entire application lifecycle, focusing on coding, debugging, and. testing.

- Collaborate with the team to ideate and develop new features for our AI products.

- Work on both client and server-side code, ensuring high performance and responsiveness.

- Contribute to the design and development of APIs.

- Stay up-to-date with emerging technological trends and apply them to operations and activities.

- Help in maintaining code quality, organization, and automatization.

Qualifications:

- Recent BTech graduate in Computer Science or related field. Final-year Students may apply.

- Strong grasp of fundamental programming languages such as JavaScript and Python.

- Familiarity with front-end technologies (e.g., HTML, CSS, JavaScript, Angular, React) and back-end frameworks (e.g., Node.js, Django, Flask).

- Understanding of database technologies (e.g., MySQL, MongoDB) and web servers (e.g., Apache, Nginx).

- Knowledge of machine learning/AI concepts is a plus.

- Excellent problem-solving skills and willingness to learn new technologies.

- Strong communication and teamwork abilities.

What We Offer:

- Competitive entry-level salary and benefits.

- The opportunity to work on groundbreaking projects in a high-growth industry.

- A dynamic, innovative work environment with a flat hierarchy.

- Comprehensive training and mentorship for professional and personal growth.

- Flexible working hours and the possibility of remote work.

How to Apply:

Ready to embark on a rewarding career journey at the cutting edge of AI technology  Submit your application, including your resume and a brief cover letter explaining why youre a great fit for the role, to hidden_email

Humanli.AI is an equal-opportunity employer. We celebrate diversity and are committed to creating an inclusive environment for all employees. We encourage everyone meeting the job criteria to apply.

Become part of our mission to redefine the future with AI. We look forward to your application,"
Python Developer,PillarPlus,2 to 6 Yrs," Python , Data Structures , Algorithms , Django framework",Jaipur,"Full-time

Writing reusable, testable, and efficient code

Design algorithms, modules and functions in Python

Design and implementation of low-latency, high-availability, and performant applications

Documentation of code, testing of code, peer-to-peer code reviews

Solving exciting challenges in Python using data structures, AI, image processing (depending on your skillset)

Skills And Qualifications

Expert in data structures and algorithms, Python

Good knowledge of Django framework

No barrier of college and branch

Sincerity, will to learn and work in a fast paced start-up culture

If you'd like to interview at PillarPlus, drop an email at hidden_email with your detailed resume and contact details.,"
Python/Django Developer,Rampwin Technologies Pvt. Ltd.,2 to 6 Yrs," Python , Django , NBFC",Jaipur,"We seek a skilled Python developer with at least 3 years of experience to join our dynamic team in Jaipur, Rajasthan. As a Python developer, you will be responsible for developing and implementing high-quality Python-based applications, working closely with our clients to understand their requirements and deliver efficient solutions.

Requirements:
1. One should have hands-on experience in Python with Django
2. Experience with NBFC (Non-Banking Financial Company) is desired.
3. Proven experience as a Python developer, with at least 3 years of experience.

Job Details:
1. It will be an on-site contract-based job.
2. Location: Near Railway Station, Jaipur, Rajasthan
3. Working: 5 days a week

Job Types: Temporary, Freelance
Contract length: 12 months


Location Type:
 In-person

Schedule:
 Day shift
 Fixed shift
 Monday to Friday
 Weekend availability

Ability to commute/relocate:
 Jaipur, Rajasthan: Reliably commute or planning to relocate before starting work (Required)

Education:
 Bachelor's (Preferred)

Experience:
 Python: 2 years (Preferred)
 Django: 2 years (Preferred)

Work Location: In person,"
Senior Software Engineer,Bot Consulting,5 to 9 Yrs," Python , Django , Rust , data structures , AWS , TypeScript , Golang , UNIXlike systems , container runtimes , cloud infrastructure , CICD",Jaipur,"We're Hiring! Senior Software Engineer | Jaipur (Work From Office) 

 Calling All Senior Software Engineers! Join Us in Jaipur! 

Ready to put your skills to work in a role thats challenging, collaborative, and growth-focused  Were hiring a Senior Software Engineer to join us onsite in Jaipur! If youre passionate about creating impact with code and thrive in a dynamic environment, this might be your next big move.

The Ideal You:

 5+ years of experience building, testing, deploying, and maintaining production systems

 Skilled in Python (Django), TypeScript, Golang, Rust, or similar languages

 Strong with UNIX-like systems, container runtimes, cloud infrastructure, data structures, and CI/CD (AWS is preferable)

 An effective communicator (in English) who bridges technical and non-technical ideas with ease

 A continuous learnercurious, adaptable, and ready to take on new challenges
 If you're excited about working in a close-knit, innovative team in Jaipur, this is your chance! Drop a comment or send me a DM to start a conversation. Lets build the future together! 

#hiring #softwareengineer #JaipurJobs #techcareers

 Email: hidden_email,"
Backend Developer - Python/Django,ellementry,2 to 6 Yrs," Python , Django , Javascript , MongoDB , PostgreSQL , MySQL , Docker , Dockercompose",Jaipur,"Responsibilities
 Write clean, well- designed code
 Produce detailed specifications
 Troubleshoot, test and maintain the core product software and databases to ensure strong optimization and functionality
 Contribute in all phases of the development lifecycle
 Follow industry best practices
 Develop and deploy new features to facilitate related procedures and tools if necessary.

Requirements
 Knows best practices for front- end development
 Strong knowledge of Javascript APIs.
 Must have experience in building web applications in Python/Django
 Able to handle multiple databases in Django.
 Knows how to do multiple environments (production/ staging)setup in Django.
 Knows how to set up/deploy Django apps in AWS.
 Knowledge of MongoDB, postgresql mysql
 Familiar with Docker/Docker- compose Skills:- Python, Django and Javascript,"
Python Developer,Data Ingenious Global Limited,3 to 7 Yrs," Python , Flask , Django , TensorFlow , PyTorch , ScikitLearn",Jaipur,"We are hiring for Python Developer for our organization at Data Ingenious Global Limited .

Experience - 3 to 6 years

Job Location - Jaipur

Roles and Responsibilities :

Designing, developing, testing, and implementing advanced machine learning models using Python, TensorFlow, PyTorch, or Scikit-Learn.

Creating data pipelines and preprocessing scripts to ensure high-quality training data for machine learning models.

Developing user interfaces and web applications for AI models using frameworks such as Flask or Django .

Collaborating with cross-functional teams to integrate machine learning models into existing systems.

Debugging and troubleshooting machine learning models, applications, and infrastructure.

Designing and implementing scalable machine learning architectures that can handle large volumes of data and high traffic loads.

If interested , kindly share resume on hidden_email

Job Types: Full-time, Permanent


Schedule:
 Day shift

Education:
 Bachelor's (Preferred)

Experience:
 Python: 1 year (Required)
 total work: 3 years (Required)

Work Location: In person,"
Python Developer (4+ Years),Mobile Programming LLC,4 to 8 Yrs," Software Development , Programming , Databases , Python , Django , Flask , HTML , CSS , JavaScript , BackEnd Web Development , ObjectOriented Programming",Jaipur,"Company Description

Mobile Programming LLC, based in Jaipur, is dedicated to providing ""Economic as well as Efficient"" software solutions with a focus on Digital Transformation. The company specializes in Mobility Solutions, Custom App Development, Cloud Solutions, IoT, AR/VR, Blockchain, AI & ML, Chatbot, and more. Mobile Programming LLC aims to help clients accelerate business processes, achieve optimal productivity, and manage risks.

Role Description

This is a full-time on-site role for a Python Developer (4+ Years) at Mobile Programming LLC in Jaipur. The Python Developer will be responsible for back-end web development, software development, object-oriented programming (OOP), programming, and databases.

Qualifications
 Back-End Web Development and Software Development skills
 Strong grasp of Object-Oriented Programming (OOP) principles
 Proficiency in Programming and Databases
 Experience with Python frameworks like Django or Flask
 Familiarity with front-end technologies such as HTML, CSS, and JavaScript
 Ability to work in a collaborative team environment
 Bachelor's or Master's degree in Computer Science or relevant field
 Excellent problem-solving skills and attention to detail,"
Python Full Stack Developer,Marktine Technology Solutions Pvt Ltd,5 to 9 Yrs," Python , Django , AWS , Kafka , React",Jaipur,"Job Title: Python Fullstack Developer

Experience: 5+ Years

Location: Jaipur

Skills Required:
 Python
 Django
 React

Preferred Skills:
 AWS
 Kafka

Job Description:

We are looking for a highly skilled Python Developer to join our team in Jaipur. As a Python Developer, you will be responsible for developing and maintaining robust Python applications using Django and integrating front-end components using React. You should have a strong understanding of software engineering principles and a passion for writing clean, efficient code.

Responsibilities:
 Design, develop, and maintain backend services and APIs using Python and Django framework.
 Integrate user-facing elements developed by front-end developers with server-side logic.
 Implement security and data protection measures for the applications.
 Collaborate with the team to define and implement innovative solutions for the product direction, visuals, and experience.
 Ensure the performance, quality, and responsiveness. of applications.
 Troubleshoot and debug applications to optimize performance and ensure scalability.
 Stay updated with the latest industry trends and technologies.

Requirements:
 Bachelor's or Master's degree in Computer Science, Engineering, or a related field.
 5+ years of experience in Python development, with expertise in Django framework.
 Proficiency in front-end technologies such as React.
 Strong understanding of server-side templating languages.
 Experience with AWS services and cloud infrastructure is preferred.
 Familiarity with Kafka or other message broker systems is a plus.
 Solid understanding of software development lifecycle (SDLC) and Agile methodologies.
 Excellent problem-solving skills and ability to troubleshoot complex issues.
 Good communication skills and ability to work effectively in a team environment,"
Full Stack Python Developer,360 IT HUB PVT ltd,2 to 6 Yrs," Python , Django , JavaScript , HTML , CSS , RESTful APIs , Communication , React",Jaipur,"Experience - Skilled Fresher -3 years

Job Description: We are looking for a Python Django React Full Stack Developer to join our team. The successful candidate will work on our web application, which is built using Python, Django, and React.

Responsibilities:
 Develop and maintain web applications using Python, Django, and React
 Work with project managers and other developers to ensure that project requirements are met
 Write clean, efficient, and well-documented code
 Participate in code reviews and contribute to the continuous improvement of the development process
 Troubleshoot and debug issues in the application
 Collaborate with other team members to design and implement new features

Requirements:
 At least 2 years of experience in Python, Django, and React development
 Strong knowledge of object-oriented programming principles and design patterns
 Experience with Git and version control systems
 Ability to write clean, efficient, and maintainable code
 Good. understanding of front-end technologies, including HTML, CSS, and JavaScript
 Thorough understanding of React.js and NodeJS and its core principles
 Experience with popular React.js workflows (such as Flux or Redux)
 Strong proficiency in JavaScript, including DOM manipulation and the JavaScript object model
 Familiarity with relational databases and SQL
 Experience with RESTful APIs
 Strong problem-solving and analytical skills
 Excellent communication and collaboration skills
 Ability to work independently and as part of a team
 Bachelor's degree in Computer Science or a related field
 Preferred Qualifications:
 Frappe
 Experience with AWS or other cloud services
 Familiarity with Agile methodologies
 Experience with Redux and other state management libraries
 Knowledge of TypeScript

If you are a motivated and skilled Python Django React Full Stack Developer looking for an exciting opportunity, please submit your resume and cover letter for consideration.

Must Have Skills Sets: Python , Django , Java Script , React JS , HTML , CSS , Rest API , Communication

Job Type: Full-time


Benefits:
 Paid sick time

Schedule:
 Day shift
 Morning shift

Tipe Lokasi:
 In-person

Education:
 Bachelor's (Preferred)

Experience:
 total work: 1 year (Preferred)

Work Location: In person,"
Python & AI/ML Developer,VertexPlus Technologies,3 to 7 Yrs," Python , Django , Flask , Git , RDBMS , SQL , AIML , UnixLinux , Azure cloud",Jaipur,"Description

Hi,

Hope you are doing well.!!

Currently we are looking for Python & AI/ML Developer, Below are the details.

Role: Python & AI/ML Developer

Location: Jaipur

Experience: 3+ Years

Roles& Responsibilities:
 Proven-deep-expertise with Python programming for Automation & Web development.
 Experience in working with frameworks like Django, Flask.
 Experience in AI/ ML projects, particularly in optimizing and selection of models that align with the business requirement.
 Object-oriented concepts & design patterns.
 Excellent analytical and problem-solving skills.
 Experience with Git or other version control
 Experience with any RDBMS and strong SQL knowledge
 Working experience with Unix / Linux
 Working experience with Azure cloud
 Communicate directly with onsite and customer.

CTC: As per the Company Norms.,"
Python AI ML Developer,VertexPlus Technologies,3 to 7 Yrs," Automation , Web development , Django , Flask , ML , Design patterns , Analytical skills , Git , RDBMS , SQL , Unix , Linux , Python programming , AI , Objectoriented concepts , Problemsolving skills",Jaipur,"Description

Hi,

Greetings of the day.!!

Currently we are hiring for Python AI ML Developer, Below are the requirement.

Role: Python AI ML Developer

Location: Jaipur

Experience: 3+ Years

Roles & Responsibilities
 Proven-deep-expertise with Python programming for Automation & Web development
 Experience in working with frameworks like Django, Flask
 Experience in AI/ ML projects, particularly in optimizing and selection of models that align with the business requirement
 Object-oriented concepts & design patterns
 Excellent analytical and problem-solving skills
 Experience with Git or other version control
 Experience with any RDBMS and strong SQL knowledge
 Working experience with Unix / Linux
 Communicate directly with onsite and customer

CTC: As per the Company norms,"
Software Development,Xtention,4 to 8 Yrs," Python , Software Design Patterns , Database Management , Data Science , Flask , Django , Version Control Systems , TestingDebugging",Jaipur,"Company Overview

With our expertise and forward-thinking approach, we drive innovation, accelerate growth, and create opportunities for success. Xtention Crew empowers clients to shape their future through transformative solutions and a visionary approach. We have 2-10 employees and specialize in IT System Custom Software Development.

Job Overview

Mid-Level Software Developer position with 4 to 6 years of experience in Software Development at Xtention Crew, located in Jaipur. Full-Time and Internship employment options available.

Qualifications And Skills
 Solid experience in software development with proficiency in Python
 Strong knowledge of Software Design Patterns and Version Control Systems
 Experience in Database Management and Testing/Debugging
 Familiarity with Data Science, Flask, and Django
 Excellent problem-solving skills and ability to work in a team environment

Roles And Responsibilities
 Develop high-quality software design and architecture
 Identify, prioritize, and execute tasks in the software development life cycle
 Develop tools and applications by producing clean, efficient code
 Automate tasks through appropriate tools and scripting
 Perform code reviews, write automated tests, and debug programs,"
Senior Full Stack Software Engineer,InfoObjects,5 to 9 Yrs," CSS , Python , Django , React , TypeScript , NodeJS , Redux",Jaipur,"Senior Full Stack Software Engineer

Role Category: Programming & Design

Role: Full Stack Software Engineer

Job Location: Jaipur

Work Mode: WFO

Position Overview


Key Responsibilities
 Transform Strategy into Action: Develop, pilot, and iterate on new product implementations for both new and existing customers, translating product vision into technical strategy.
 Collaborate & Own: Work closely with cross-functional teams, serving as a technical lead to achieve business-critical goals.
 Champion Agile Practices: Lead end-to-end software development in an agile setting, working across our full tech stack.
 Drive Quality & Efficiency: Become proficient with our testing, deployment, observability, and monitoring tools, recommending improvements and mentoring others to foster a quality-driven culture.
 Mentor & Simplify: Guide teammates and promote simple, effective solutions for complex problems across our teams and products as we scale.

About You
 Experienced: 5+ years in software engineering, ideally with experience in customer-facing product development.
 Frontend Expert: Strong proficiency in React, TypeScript, NodeJS, and Redux, with a solid understanding of CSS, component libraries, and design systems.
 Backend Capable: Experienced in building RESTful APIs and backend systems (Python/Django experience is a plus, though any backend expertise is valued).
 Adaptable: Able to thrive in a fast-paced, startup environment with multiple concurrent projects.
 Proactive Leader: Driven by a strong bias for action, ensuring projects move forward efficiently and produce measurable results.,"
